Question,Answer
Tell me about Philips EverFlo Oxygen Concentrator,"Device: Philips EverFlo Oxygen Concentrator | Manufacturer: Philips Respironics | Type: Stationary Oxygen Concentrator | Applications: Long-term Oxygen Therapy | Features: Quiet operation, Continuous flow, Energy-efficient | Flow Rate: 0.5-5 LPM | Oxygen Purity: 87-96% | Weight: 14 kg | Certifications: FDA, CE | Recommended for: Home Healthcare."
Tell me about Tuttnauer 3870 Autoclave,"Device: Tuttnauer 3870 Autoclave | Manufacturer: Tuttnauer | Type: Steam Sterilizer | Applications: Medical Instrument Sterilization | Features: Pre-vacuum cycle, Touchscreen control, Data logging | Chamber Volume: 70 liters | Temperature Range: 121-134 deg C | Certifications: FDA, CE, ISO 13485 | Recommended for: Hospitals and Clinics."
What is the accuracy of Philips Ingenia 3.0T?,Philips Ingenia 3.0T has 98% accuracy.
What is telemedicine and how do medical devices support it?,"Telemedicine uses telecommunications technology for remote healthcare delivery. Medical devices support telemedicine through DICOM image sharing, remote patient monitoring, wearable devices, video consultation platforms, and cloud-based EHR integration."
Most expensive patient monitor?,Philips IntelliVue MX700 is the most expensive patient monitor.
Who manufactures Fujifilm Scenaria View?,Fujifilm manufactures Scenaria View.
Which patient monitor is best for neonatal ICU?,"GE CARESCAPE B650 and Philips IntelliVue MX700 are both excellent for NICU. They offer specialized neonatal parameters, small cuff sizes, and sensitive alarms for premature infants."
How accurate are infusion pumps?,"Modern infusion pumps offer accuracy of +/- 5% or better of the programmed flow rate, ensuring precise medication delivery for critical care patients."
What is the price of BD Alaris Syringe Pump?,BD Alaris Syringe Pump costs between Rs 2.5 lakhs and Rs 5 lakhs.
Which machine is recommended for hospitals?,Siemens Multix Fusion is highly recommended for hospitals due to its 99% accuracy.
What is the detector type of Philips DigitalDiagnost C90?,Philips DigitalDiagnost C90 uses Digital Detector technology.
What is the price of Fujifilm Arietta 850?,Fujifilm Arietta 850 costs between ₹20 lakhs and ₹60 lakhs.
Best MRI machine?,Siemens MAGNETOM Vida is considered one of the best MRI systems because of its 99% accuracy and BioMatrix technology.
Which ultrasound machine is recommended for fetal imaging?,GE Voluson E10 is highly recommended for fetal imaging and obstetrics.
What are the features of Siemens ACUSON Sequoia?,"BioAcoustic technology, AI support and excellent penetration are major features."
Tell me about Dräger Vista 120,Device: Dräger Vista 120 | Manufacturer: Dräger | Accuracy: 96% | Price: ₹3-9 Lakhs | Technology: Patient Monitor | Applications: ICU and Wards | Features: Compact design and reliable alarms.
What is a colonoscope used for?,"A colonoscope is used to examine the entire colon and rectum for abnormalities such as polyps, tumors, inflammation, and bleeding sources. It is essential for colorectal cancer screening and diagnosis."
What is the lifespan of an MRI machine?,"An MRI machine typically lasts 10-15 years with proper maintenance. The magnet itself can last 20+ years, but supporting electronics and software may require upgrades after 8-10 years."
What is the price of QuantStudio 5?,Applied Biosystems QuantStudio 5 PCR System costs between Rs 15 lakhs and Rs 35 lakhs.
Best CT scanner?,Siemens SOMATOM Force is considered the best CT scanner because of its dual-source technology and 99% accuracy.
What maintenance does an AED require?,"AEDs require periodic battery checks, electrode pad replacement (every 2-5 years), and routine self-tests. Most modern AEDs perform automatic daily self-checks."
What is the price range of Hamilton C6 Ventilator?,Hamilton C6 Ventilator costs between Rs 12 lakhs and Rs 20 lakhs.
Tell me about GE Avance CS2 Anesthesia Machine,"Device: GE Avance CS2 Anesthesia Machine | Manufacturer: GE Healthcare | Type: Anesthesia Workstation | Applications: Surgical Anesthesia Delivery | Features: Digital vaporizer, Integrated ventilation, Gas monitoring | Ventilation Modes: VCV, PCV, PSV, SIMV | Certifications: FDA, CE | Recommended for: Operation Theatres."
How does a C-Arm work?,A C-Arm uses X-ray technology with a C-shaped arm that positions an X-ray source on one end and a detector on the other. It provides real-time fluoroscopic imaging during surgical procedures.
What is the price of Karl Storz ENT Endoscopy System?,Karl Storz ENT Endoscopy System costs between Rs 5 lakhs and Rs 15 lakhs.
What accessories come with a patient monitor?,"Patient monitors include ECG leads (3/5/12-lead), SpO2 probe, NIBP cuff, temperature probe, invasive pressure cables, and mounting arm. Optional accessories include CO2 module, cardiac output module, and BIS module."
How to troubleshoot ECG artifact?,"ECG artifacts can be resolved by checking electrode placement, ensuring good skin contact (clean and dry), replacing expired electrodes, reducing patient movement, checking cable connections, and disabling nearby electrical interference sources."
What is the accuracy of Fujifilm FDR Smart X?,Fujifilm FDR Smart X has 96% accuracy.
What is the price of Zoll AED Plus?,Zoll AED Plus costs between Rs 1.8 lakhs and Rs 3 lakhs.
What is the price of Omron HEM-7124?,"Omron HEM-7124 costs between Rs 2,000 and Rs 4,000."
What is the price of Philips HeartStart FRx?,Philips HeartStart FRx AED costs between Rs 1.5 lakhs and Rs 2.5 lakhs.
Tell me about Karma KM-5000 Wheelchair,"Device: Karma KM-5000 Wheelchair | Manufacturer: Karma Healthcare | Type: Manual Wheelchair | Applications: Mobility Assistance | Features: Lightweight aluminum frame, Foldable design, Padded armrests | Weight Capacity: 100 kg | Seat Width: 18 inches | Certifications: ISO 13485, CE | Recommended for: Elderly and Mobility-limited Patients."
Most expensive ECG machine?,Philips PageWriter TC30 is the most expensive ECG machine.
Which CT scanner is cheapest?,Fujifilm Scenaria View is the cheapest CT scanner.
Tell me about Sirona Orthophos SL 3D Dental CBCT,"Device: Sirona Orthophos SL 3D | Manufacturer: Dentsply Sirona | Type: Dental Cone Beam CT | Applications: Implant Planning, Orthodontics, Maxillofacial Imaging | Features: 3D and panoramic imaging, Low dose technology, Sidexis software | Certifications: FDA, CE | Recommended for: Advanced Dental Clinics."
How does a defibrillator work?,A defibrillator delivers a controlled electrical shock to the heart to restore normal rhythm during cardiac arrest. AEDs automatically analyze heart rhythm and advise the user whether a shock is needed.
Tell me about GE SIGNA Pioneer,"Device: GE SIGNA Pioneer | Manufacturer: GE Healthcare | Accuracy: 98% | Price: ₹2.8-6.5 Crores | Technology: 3T MRI | Applications: Neurology, Orthopedics, Cardiology | Features: AIR Recon DL, AI reconstruction, Excellent image quality."
Which patient monitor has wireless connectivity?,GE CARESCAPE B650 supports wireless connectivity.
What are the battery backup requirements for critical care devices?,"Critical care devices like ventilators, patient monitors, and infusion pumps require minimum 30-60 minutes of battery backup to ensure patient safety during power outages. Many devices offer 2-4 hours with extended battery options."
What are the ventilation modes available in Hamilton C6?,"Hamilton C6 offers adaptive ventilation modes including INTELLiVENT-ASV, SIMV, PSV, PCV, VCV, and APRV."
Tell me about Zeiss VISUCAM 500 Fundus Camera,"Device: Zeiss VISUCAM 500 Fundus Camera | Manufacturer: Carl Zeiss Meditec | Type: Retinal Imaging System | Applications: Diabetic Retinopathy, Glaucoma, Macular Degeneration Screening | Features: Autofocus, Autoflash, 5MP CMOS sensor | Field of View: 45 degrees | Certifications: CE, FDA, ISO | Recommended for: Ophthalmology Clinics."
What is the difference between a ventilator and an oxygen concentrator?,A ventilator actively pushes air into the lungs for patients who cannot breathe adequately on their own. An oxygen concentrator supplements oxygen to a patient who can breathe spontaneously but has low blood oxygen levels.
What is the recommended service interval for ventilators?,"Ventilators should undergo preventive maintenance every 6 months or 5,000 operating hours, whichever comes first. This includes sensor calibration, valve inspection, filter replacement, and battery testing."
What is the detector type of Siemens Multix Fusion?,Siemens Multix Fusion uses Flat Panel Detector technology.
What is the accuracy of Canon Vantage Orian?,Canon Vantage Orian provides 97% accuracy.
Tell me about GE Definium Tempo,"Device: GE Definium Tempo | Manufacturer: GE Healthcare | Accuracy: 98% | Price: ₹18-25 Lakhs | Detector Type: Digital Detector | Applications: General Radiography, Chest Imaging | Features: High image quality, Low maintenance | Recommended for Hospitals and Diagnostic Centers."
How does a spirometer work?,"A spirometer measures the volume and flow rate of air inhaled and exhaled. The patient blows forcefully into the device, which measures FVC (forced vital capacity), FEV1 (forced expiratory volume in 1 second), and other parameters."
What is the price of Hill-Rom Advanta Bed?,Hill-Rom Advanta Hospital Bed costs between Rs 1 lakh and Rs 3 lakhs.
What is the accuracy of Philips PageWriter TC30?,Philips PageWriter TC30 provides 99% accuracy.
Tell me about Invacare TDX SP Power Wheelchair,"Device: Invacare TDX SP Power Wheelchair | Manufacturer: Invacare | Type: Powered Wheelchair | Applications: Independent Mobility | Features: Suspension system, Programmable controls, Recline and tilt | Battery: 50 Ah, Range up to 30 km | Certifications: FDA, CE, ISO | Recommended for: Patients with Limited Upper Body Strength."
Best ultrasound machine?,Philips EPIQ Elite is considered one of the best ultrasound machines due to its 99% accuracy and AI-based imaging.
How does a centrifuge work?,"A centrifuge spins samples at high speed, generating centrifugal force that separates components by density. Heavier particles sediment at the bottom while lighter components remain in the supernatant."
Tell me about Olympus EVIS EXERA III Endoscope,"Device: Olympus EVIS EXERA III Endoscope | Manufacturer: Olympus Corporation | Type: Video Endoscopy System | Applications: Gastrointestinal Diagnosis and Therapy | Features: NBI (Narrow Band Imaging), HD visualization, Dual Focus, ScopeGuide | Technology: CCD/CMOS imaging | Certifications: FDA, CE, ISO | Recommended for: Gastroenterology Departments."
Tell me about Abbott CELL-DYN Ruby Hematology Analyzer,"Device: Abbott CELL-DYN Ruby Hematology Analyzer | Manufacturer: Abbott Laboratories | Type: Automated Hematology Analyzer | Applications: Complete Blood Count (CBC), 5-part Differential | Features: MAPSS technology, 60 samples/hour throughput | Parameters: 25+ hematology parameters | Certifications: FDA, CE, ISO | Recommended for: Medium to High Volume Labs."
What are the disadvantages of digital mammography?,"Digital mammography has higher initial equipment cost, requires specialized training for interpretation, may increase recall rates for follow-up imaging, and requires significant digital storage infrastructure."
What are the safety precautions for using an X-ray machine?,"Safety precautions include lead aprons for patients, thyroid shields, gonadal shielding, maintaining minimum distance, limited exposure time, proper collimation, and following ALARA (As Low As Reasonably Achievable) principles."
What is the accuracy of GE Definium Tempo?,GE Definium Tempo has an accuracy of 98%.
Which CT scanner is recommended for hospitals?,Siemens SOMATOM Force and GE Revolution Apex are recommended for advanced hospitals.
What is the price of MIR Spirobank?,"MIR Spirobank Spirometer costs between Rs 50,000 and Rs 1.5 lakhs."
Which medical devices support AI features?,"Many modern devices include AI features: CT scanners (AI reconstruction), MRI (AI-assisted protocols), ultrasound (AI anatomical recognition), ECG (AI arrhythmia detection), and patient monitors (AI predictive alarms)."
What is the accuracy of Siemens Multix Fusion?,Siemens Multix Fusion has 99% accuracy.
Who manufactures Philips DigitalDiagnost C90?,Philips manufactures DigitalDiagnost C90.
Which MRI machine has low maintenance?,Fujifilm ECHELON Smart Zero Helium offers low maintenance because of its helium-free design.
Can a defibrillator be used on children?,"Yes, many AEDs like the Philips HeartStart FRx support pediatric use with special pediatric pads that reduce energy delivery to a child-safe level."
Who manufactures Fujifilm ECHELON Smart Zero Helium?,Fujifilm manufactures ECHELON Smart Zero Helium.
What is the most important feature in a ventilator?,"The most important ventilator features include multiple ventilation modes (VCV, PCV, PSV, SIMV), accurate volume and pressure delivery, patient-triggered breaths, comprehensive alarm systems, and reliable battery backup for patient safety."
What are the contraindications for CT with contrast?,"Contraindications for CT contrast include severe allergy to iodine-based contrast, renal impairment (eGFR below 30), metformin use (risk of lactic acidosis), and hyperthyroidism. Pre-hydration and alternative imaging may be considered."
Compare Philips EPIQ Elite vs GE Voluson E10 ultrasound machines.,Philips EPIQ Elite excels in cardiology with Anatomical Intelligence and Elastography (Rs 40-90 lakhs). GE Voluson E10 is superior for obstetrics with HDlive 4D imaging (Rs 35-80 lakhs). Both offer excellent image quality; choice depends on clinical focus.
Tell me about Fresenius 5008 Dialysis Machine,"Device: Fresenius 5008 Dialysis Machine | Manufacturer: Fresenius Medical Care | Type: Hemodialysis System | Applications: Chronic Kidney Disease Treatment | Features: Online clearance monitoring, Auto-substitution, Bicarbonate dialysis | Technology: High-flux dialysis, Ultrapure dialysate | Certifications: FDA, CE, ISO | Recommended for: Dialysis Centers and Hospitals."
What is the difference between a stationary and portable oxygen concentrator?,"Stationary concentrators provide continuous flow (0.5-5 LPM), are heavier (14-22 kg), and require AC power. Portable concentrators use pulse-dose delivery, weigh 2-5 kg, and run on battery for 4-10 hours, enabling mobility."
What is a normal blood glucose range?,Fasting blood glucose: 70-110 mg/dL. Random blood glucose: 70-140 mg/dL. HbA1c: Below 5.7% is normal.
What is the price of Tuttnauer 3870 Autoclave?,Tuttnauer 3870 Autoclave costs between Rs 4 lakhs and Rs 10 lakhs.
Tell me about Hologic 3Dimensions Mammography System,"Device: Hologic 3Dimensions Mammography System | Manufacturer: Hologic | Type: Digital Breast Tomosynthesis (3D Mammography) | Applications: Breast Cancer Screening and Diagnosis | Features: C-View 2D imaging, Intelligent 3D imaging, Enhanced workflow | Detector: Direct Radiography | Certifications: FDA, CE, MQSA | Recommended for: Breast Imaging Centers."
Which ultrasound machine is most expensive?,Philips EPIQ Elite is the most expensive ultrasound machine.
Tell me about Philips PageWriter TC30,"Device: Philips PageWriter TC30 | Manufacturer: Philips | Accuracy: 99% | Price: ₹3-8 Lakhs | Technology: ECG Machine | Applications: Cardiology, Routine ECG Analysis | Features: Advanced STEMI analysis, Touchscreen display, Wireless connectivity | Recommended for Hospitals and Clinics."
Which machine is the most expensive?,Siemens Multix Fusion is the most expensive X-ray machine.
How does a PET scanner work?,"A PET scanner detects gamma rays emitted by a radioactive tracer (FDG) injected into the patient. The tracer accumulates in metabolically active tissues like tumors. Combined with CT, it provides precise anatomical localization of abnormal activity."
What is the price of GE Giraffe Incubator?,GE Giraffe Incubator costs between Rs 5 lakhs and Rs 10 lakhs.
Which machine is the cheapest?,Fujifilm FDR Smart X is the cheapest X-ray machine.
What are the disadvantages of a portable X-ray machine?,"Portable X-ray machines produce lower image quality compared to fixed systems, have limited power output, may require longer exposure times increasing motion artifacts, and have lower battery life for mobile use."
What is the price of Philips PageWriter TC30?,Philips PageWriter TC30 costs between ₹3 lakhs and ₹8 lakhs.
What are the safety precautions for MRI?,"MRI safety precautions include screening for ferromagnetic implants (pacemakers, aneurysm clips), removing metallic objects, using MRI-safe equipment, auditory protection, and preventing projectile effects of ferromagnetic objects."
Who manufactures Fujifilm FDR Smart X?,Fujifilm manufactures FDR Smart X.
What is PACS in healthcare?,"PACS (Picture Archiving and Communication System) stores, retrieves, and distributes medical images electronically, eliminating film-based management and enabling remote access for telemedicine and teleradiology."
What is a normal SpO2 reading?,Normal SpO2 readings range from 95% to 100%. Readings below 90% indicate hypoxemia and require immediate medical attention.
Highest accuracy ECG machine?,Philips PageWriter TC30 provides the highest accuracy of 99%.
Tell me about BD Alaris Infusion Pump,"Device: BD Alaris Infusion Pump | Manufacturer: BD (Becton Dickinson) | Type: Large Volume Infusion Pump | Applications: IV Fluid Delivery, Medication Infusion | Features: Dose error reduction system, Wireless connectivity, Modular design | Flow Rate Range: 0.1-999 mL/hr | Certifications: FDA, CE | Recommended for: Hospitals, ICUs."
What is the accuracy of Siemens MAGNETOM Vida?,Siemens MAGNETOM Vida provides 99% accuracy.
Which medical devices are used in operation theatres?,"Operation theatres use anesthesia machines, surgical lights, patient monitors, C-Arms, electrocautery units, suction machines, ventilators, defibrillators, infusion pumps, endoscopy systems, and surgical tables."
Tell me about Olympus CX23 Microscope,"Device: Olympus CX23 Microscope | Manufacturer: Olympus Corporation | Type: Routine Clinical Microscope | Applications: Medical Education, Basic Clinical Examination | Features: LED illumination, Color-coded objectives, Compact design | Magnification: 4x, 10x, 40x, 100x | Certifications: CE, ISO | Recommended for: Teaching and Basic Labs."
Tell me about GE Voluson E10,"Device: GE Voluson E10 | Manufacturer: GE Healthcare | Accuracy: 98% | Price: ₹35-80 Lakhs | Technology: 4D Ultrasound | Applications: Obstetrics, Gynecology and Fetal Imaging | Features: HDlive technology, Real-time 4D imaging, High resolution."
Tell me about Canon Vantage Orian,"Device: Canon Vantage Orian | Manufacturer: Canon Medical Systems | Accuracy: 97% | Price: ₹2.5-5 Crores | Technology: 1.5T MRI | Applications: Neurology, Spine Imaging | Features: Quiet Scan technology and reduced acoustic noise."
Tell me about Skytron LED Surgical Light,"Device: Skytron LED Surgical Light | Manufacturer: Skytron | Type: LED Surgical Light | Applications: Surgical Illumination | Features: Shadow management, Touchscreen controls, Battery backup | Illuminance: 120,000-160,000 lux | Certifications: FDA, CE, ISO | Recommended for: Operation Theatres."
What is the accuracy of Fujifilm Scenaria View?,Fujifilm Scenaria View has 96% accuracy.
What is the price of Philips DigitalDiagnost C90?,Philips DigitalDiagnost C90 costs between ₹15 lakhs and ₹28 lakhs.
Who manufactures GE Definium Tempo?,GE Healthcare manufactures GE Definium Tempo.
What are the features of Siemens SOMATOM Force?,"Ultra-fast scanning, low radiation exposure and AI-based reconstruction."
What is the accuracy of GE Revolution Apex?,GE Revolution Apex has 98% accuracy.
Which device is best for emergency care?,Philips IntelliVue MX700 and Mindray BeneVision N19 are excellent choices for emergency care.
Tell me about Canon Aplio i800,"Device: Canon Aplio i800 | Manufacturer: Canon Medical Systems | Accuracy: 97% | Price: ₹25-70 Lakhs | Technology: High-end Ultrasound | Applications: Cardiology, Abdominal Imaging and Vascular Studies | Features: Superb Microvascular Imaging, Elastography, High sensitivity."
Tell me about BD Alaris Syringe Pump,"Device: BD Alaris Syringe Pump | Manufacturer: BD | Type: Syringe Infusion Pump | Applications: Precise Medication Delivery, Neonatal Care | Features: Guardrails safety software, Multiple syringe sizes supported | Syringe Sizes: 5 mL to 60 mL | Certifications: FDA, CE | Recommended for: ICU, NICU, Anesthesia."
What is a DEXA scan used for?,A DEXA scan measures bone mineral density to diagnose osteoporosis and assess fracture risk. It provides T-scores comparing patient bone density to healthy young adults. It can also measure body composition.
What are the applications of Philips Incisive CT?,"Oncology, cardiology and neurological imaging."
What are the features of GE Revolution Apex?,Deep learning reconstruction and high-resolution imaging.
What is the price of Siemens MAGNETOM Vida?,Siemens MAGNETOM Vida costs between ₹3 crores and ₹7 crores.
Which MRI machine is most expensive?,Siemens MAGNETOM Vida is the most expensive MRI system.
Tell me about Philips Ingenia 3.0T,"Device: Philips Ingenia 3.0T | Manufacturer: Philips | Accuracy: 98% | Price: ₹2.5-6 Crores | Technology: 3 Tesla MRI | Applications: Neurology, Oncology, Cardiology | Features: dStream architecture, Faster scanning, High patient comfort."
What is the lifespan of an X-ray machine?,"An X-ray machine usually lasts 10-15 years. The X-ray tube may need replacement every 5-7 years, while the digital detector can last 10+ years."
What safety features do infusion pumps have?,"Infusion pumps include air-in-line detection, occlusion alarms, dose error reduction systems, drug libraries with hard/soft limits, and battery backup."
Are portable ultrasound machines as accurate as cart-based?,"Portable ultrasound machines have improved significantly but generally have lower image quality and fewer features than high-end cart-based systems. However, for point-of-care applications, modern portables offer 90-95% diagnostic accuracy."
What is the weight of a portable X-ray machine?,"Portable X-ray machines typically weigh 200-400 kg. The Fujifilm FDR Smart X weighs approximately 220 kg, making it one of the lightest portable X-ray systems for emergency and bedside imaging."
What is the price of Fujifilm Scenaria View?,Fujifilm Scenaria View costs between ₹1 crore and ₹2 crores.
Which MRI machine is cheapest?,Fujifilm ECHELON Smart Zero Helium is the cheapest MRI machine.
What maintenance does a dialysis machine require?,"Dialysis machines require daily disinfection, monthly calibration, quarterly preventive maintenance, annual certification, and replacement of consumables like tubing sets and filters after each use."
What are the applications of GE Definium Tempo?,GE Definium Tempo is used for General Radiography and Chest Imaging.
Tell me about B. Braun Dialog+ Dialysis Machine,"Device: B. Braun Dialog+ Dialysis Machine | Manufacturer: B. Braun | Type: Hemodialysis System | Applications: Renal Replacement Therapy | Features: Touchscreen interface, Online monitoring, Bicarbonate dialysis | Certifications: FDA, CE | Recommended for: Dialysis Units."
Tell me about Siemens SOMATOM Force,"Device: Siemens SOMATOM Force | Manufacturer: Siemens Healthineers | Accuracy: 99% | Price: ₹1.8-3 Crores | Technology: Dual Source CT | Applications: Cardiac Imaging, Oncology, Emergency Imaging | Features: Ultra-fast scanning, Low radiation dose, AI reconstruction | Recommended for Multi-specialty Hospitals."
What is the price of BD Alaris Infusion Pump?,BD Alaris Infusion Pump costs between Rs 3 lakhs and Rs 6 lakhs.
Which ultrasound machine has AI features?,Siemens ACUSON Sequoia and Philips EPIQ Elite provide AI-assisted imaging.
Can medical devices connect to hospital networks?,"Yes, most modern medical devices support Ethernet (wired), Wi-Fi (wireless), or both for integration with EMR/EHR systems. DICOM devices connect to PACS, and monitoring devices transmit data via HL7 protocols to central stations and EHR systems."
Tell me about Pentax EPK-i7000 Endoscopy System,"Device: Pentax EPK-i7000 Endoscopy System | Manufacturer: Pentax Medical (HOYA Group) | Type: Video Endoscopy System | Applications: Gastroenterology, Pulmonology, ENT | Features: HD+ imaging, i-scan technology for enhanced visualization | Certifications: FDA, CE | Recommended for: Multi-specialty Hospitals."
What is the accuracy of Masimo Radical-7?,Masimo Radical-7 provides SpO2 accuracy of +/- 2% in the range of 70-100% SpO2.
Tell me about Siemens ACUSON Sequoia,"Device: Siemens ACUSON Sequoia | Manufacturer: Siemens Healthineers | Accuracy: 98% | Price: ₹30-85 Lakhs | Technology: Advanced Ultrasound Imaging | Applications: General Imaging, Cardiology and Vascular Imaging | Features: BioAcoustic technology, AI assistance, High penetration."
Tell me about Dräger Babyleo TN500 Incubator,"Device: Drager Babyleo TN500 Incubator | Manufacturer: Drager | Type: Neonatal Incubator/Warmer | Applications: Thermoregulation for Neonates | Features: Hybrid incubator/warmer mode, Servo-controlled humidity, Integrated phototherapy | Temperature Accuracy: +/- 0.3 deg C | Certifications: FDA, CE | Recommended for: NICU and Neonatal Intensive Care."
What is the difference between an ECG and an EEG?,"ECG records the electrical activity of the heart using electrode placements on the chest, arms, and legs. EEG records the electrical activity of the brain using electrodes placed on the scalp. They serve entirely different diagnostic purposes."
How does an endoscope work?,"An endoscope uses a flexible tube with a light source and camera at its tip. It is inserted through natural body openings or small incisions to visualize internal organs on a monitor, enabling diagnosis and minimally invasive procedures."
How does a nebulizer work?,"A nebulizer converts liquid medication into a fine mist using compressed air or ultrasonic vibrations, which the patient inhales through a mouthpiece or mask for direct delivery to the lungs."
What are the features of Siemens Multix Fusion?,Premium image quality and fast processing are key features.
Can a pulse oximeter detect COVID-19?,"A pulse oximeter cannot diagnose COVID-19 but can detect silent hypoxemia (low oxygen without symptoms), which is common in COVID-19 patients, making it useful for home monitoring."
Which ultrasound machine provides high penetration?,Siemens ACUSON Sequoia provides excellent penetration with BioAcoustic technology.
What is the difference between an incubator and an infant warmer?,"An incubator is an enclosed unit with controlled temperature, humidity, and oxygen for long-term neonatal care. An infant warmer is an open radiant heating system for short-term access during procedures and initial stabilization."
Tell me about Dräger Fabius Plus Anesthesia Machine,"Device: Drager Fabius Plus Anesthesia Machine | Manufacturer: Drager | Type: Anesthesia Workstation | Applications: General Anesthesia Delivery | Features: E-Vent piston ventilator, Color touchscreen, Integrated gas monitoring | Certifications: FDA, CE | Recommended for: Operation Theatres and Surgical Centers."
Tell me about Omron HEM-7320 BP Monitor,"Device: Omron HEM-7320 BP Monitor | Manufacturer: Omron Healthcare | Type: Automatic Blood Pressure Monitor | Applications: Hypertension Management | Features: IntelliWrap Cuff, 60-reading memory, Hypertension indicator, Body movement detection | Certifications: FDA, CE, ESH, BHS | Recommended for: Home and Clinical Use."
What is the accuracy of Philips Incisive CT?,Philips Incisive CT provides 97% accuracy.
Compare Siemens SOMATOM Force vs GE Revolution Apex CT.,SOMATOM Force (Rs 1.8-3 crores) has dual-source technology for ultra-fast cardiac imaging with 99% accuracy. Revolution Apex (Rs 1.5-2.8 crores) uses deep learning CT reconstruction for high resolution with 98% accuracy. Force is faster; Apex offers advanced AI.
What common errors occur with CT scanners?,"Common CT errors include X-ray tube overheating, detector calibration drift, gantry rotation faults, table positioning errors, power supply fluctuations, and software communication issues. Most require service engineer intervention."
What is the role of IoT in healthcare?,"IoT (Internet of Things) in healthcare connects medical devices to networks for real-time monitoring, automated alerts, predictive maintenance, inventory tracking, patient data integration, and remote care management, improving operational efficiency."
What parameters does a hematology analyzer measure?,"A hematology analyzer measures WBC count, RBC count, hemoglobin (Hb), hematocrit (HCT), MCV, MCH, MCHC, RDW, platelet count, MPV, and differential counts (neutrophils, lymphocytes, monocytes, eosinophils, basophils)."
What is the price of GE Lunar iDXA?,GE Lunar iDXA Bone Densitometer costs between Rs 15 lakhs and Rs 30 lakhs.
What is the difference between a C-Arm and a fixed X-ray system?,"A C-Arm is mobile and provides real-time fluoroscopic guidance during surgeries, ideal for orthopedic and vascular procedures. Fixed X-ray systems provide higher quality static images for general radiography and are not designed for intraoperative use."
Tell me about Philips EPIQ Elite,"Device: Philips EPIQ Elite | Manufacturer: Philips | Accuracy: 99% | Price: ₹40-90 Lakhs | Technology: Premium Ultrasound System | Applications: Cardiology, Radiology, Obstetrics and Gynecology | Features: Anatomical Intelligence Ultrasound, Elastography, High image quality | Recommended for Multi-specialty Hospitals."
What are the FDA certification requirements for medical devices?,"FDA classifies devices into Class I (low risk, general controls), Class II (moderate risk, special controls including 510k clearance), and Class III (high risk, PMA approval). Most diagnostic imaging devices are Class II requiring 510k clearance."
What is the price of Omron NE-C28?,"Omron NE-C28 Compressor Nebulizer costs between Rs 2,500 and Rs 5,000."
How does an oxygen concentrator work?,"An oxygen concentrator draws in ambient air, passes it through a molecular sieve (zeolite) that adsorbs nitrogen, and delivers concentrated oxygen (87-96%) to the patient. It uses Pressure Swing Adsorption (PSA) technology."
Tell me about GE Revolution Apex,"Device: GE Revolution Apex | Manufacturer: GE Healthcare | Accuracy: 98% | Price: ₹1.5-2.8 Crores | Technology: Deep Learning CT | Applications: Cardiology, Neurology, Trauma Imaging | Features: Deep learning reconstruction, High resolution images | Recommended for Advanced Hospitals."
Tell me about Philips BV Vectra C-Arm,"Device: Philips BV Vectra C-Arm | Manufacturer: Philips | Type: Mobile C-Arm | Applications: Orthopedic and Pain Management Procedures | Features: Pulsed fluoroscopy, Last image hold, Compact mobility | Certifications: FDA, CE | Recommended for: Surgical Suites."
Cheapest ECG machine?,BPL Cardiart 6208 is the cheapest ECG machine.
What are the advantages of digital mammography?,"Digital mammography offers lower radiation dose, better contrast resolution, computer-aided detection (CAD), digital archiving, remote reporting capability, and improved detection in dense breast tissue compared to film-screen mammography."
What is the price of Philips IntelliVue MX700?,Philips IntelliVue MX700 costs between ₹5 lakhs and ₹15 lakhs.
Tell me about Fujifilm FDR Smart X,"Device: Fujifilm FDR Smart X | Manufacturer: Fujifilm | Accuracy: 96% | Price: ₹12-22 Lakhs | Detector Type: Digital Detector | Applications: Portable Imaging, Emergency Radiography | Features: Lightweight and fast image acquisition."
Who manufactures Canon Aplio i800?,Canon Medical Systems manufactures Aplio i800.
Who manufactures Siemens MAGNETOM Vida?,Siemens Healthineers manufactures Siemens MAGNETOM Vida.
What are the applications of ultrasound in cardiology?,"Cardiac ultrasound (echocardiography) is used to assess heart structure, valve function, ejection fraction, wall motion abnormalities, pericardial effusion, and congenital heart defects. M-mode, 2D, Doppler, and 3D/4D modalities are available."
What is the accuracy of Siemens ACUSON Sequoia?,Siemens ACUSON Sequoia provides 98% accuracy.
Which medical devices are commonly used in ICU?,"ICU commonly uses ventilators, patient monitors, infusion pumps, syringe pumps, defibrillators, ECG machines, blood gas analyzers, dialysis machines, ultrasound machines, and suction units for critical patient care."
What are the contraindications for MRI?,"Absolute contraindications include MR-unsafe pacemakers, cochlear implants, ferromagnetic aneurysm clips, metallic intraocular foreign bodies, and insulin pumps. Relative contraindications include claustrophobia, pregnancy (first trimester), and non-MRI-safe implants."
What is the price of Maquet Volista Surgical Light?,Maquet Volista Surgical Light costs between Rs 3 lakhs and Rs 8 lakhs.
Tell me about Accu-Chek Active Glucometer,"Device: Accu-Chek Active Glucometer | Manufacturer: Roche Diagnostics | Type: Blood Glucose Meter | Applications: Diabetes Management | Features: Fast 5-second measurement, No coding required, 500-test memory | Test Range: 10-600 mg/dL | Connectivity: Bluetooth (select models) | Certifications: ISO 15197:2013, CE, FDA | Recommended for: Personal and Clinical Use."
What is the difference between 2D and 3D mammography?,"2D mammography produces a single flat image. 3D mammography (tomosynthesis) captures multiple images from different angles, reconstructed into 3D layers, reducing tissue overlap and improving cancer detection by 20-40%."
What are normal spirometry values?,Normal FEV1/FVC ratio is above 0.70. FEV1 above 80% predicted is normal. Values below indicate obstructive or restrictive lung disease patterns.
Which MRI machine has highest accuracy?,Siemens MAGNETOM Vida has the highest accuracy of 99%.
Highest accuracy patient monitor?,Philips IntelliVue MX700 provides the highest accuracy of 99%.
What is the price of GE Revolution Apex?,GE Revolution Apex costs between ₹1.5 crores and ₹2.8 crores.
Which patients benefit from a ventilator?,"Patients with respiratory failure (ARDS, COPD exacerbation, pneumonia), neuromuscular disorders affecting breathing, post-surgical patients needing temporary support, and trauma patients with compromised airways benefit from ventilator support."
What are the applications of Philips DigitalDiagnost C90?,General Radiography and Orthopedic Imaging.
Who manufactures GE SIGNA Pioneer?,GE Healthcare manufactures GE SIGNA Pioneer.
What is an ELISA reader used for?,"An ELISA reader measures light absorbance in microplate wells to quantify the concentration of substances like antibodies, antigens, proteins, and hormones. It is essential for HIV, hepatitis, and autoimmune disease testing."
Who manufactures GE Revolution Apex?,GE Healthcare manufactures GE Revolution Apex.
Which MRI machine is recommended for super specialty hospitals?,Siemens MAGNETOM Vida and Philips Ingenia 3.0T are highly recommended for super specialty hospitals.
Tell me about Inogen One G5 Portable Oxygen Concentrator,"Device: Inogen One G5 | Manufacturer: Inogen | Type: Portable Oxygen Concentrator | Applications: Ambulatory Oxygen Therapy | Features: Pulse-dose delivery, Lightweight (2.3 kg), Up to 10 hours battery life | Flow Settings: 1-6 pulse-dose settings | Certifications: FAA approved, FDA, CE | Recommended for: Active Patients on Oxygen Therapy."
Tell me about Nihon Kohden Life Scope G9,Device: Nihon Kohden Life Scope G9 | Manufacturer: Nihon Kohden | Accuracy: 97% | Price: ₹4-11 Lakhs | Technology: Patient Monitor | Applications: Critical Care | Features: High accuracy and easy interface.
Highest accuracy ultrasound machine?,Philips EPIQ Elite provides the highest accuracy of 99%.
Tell me about Hamilton C6 Ventilator,"Device: Hamilton C6 Ventilator | Manufacturer: Hamilton Medical | Technology: High-end ICU Ventilator | Applications: ICU, Critical Care, Emergency | Features: Adaptive ventilation modes, INTELLiVENT-ASV, Touchscreen display | Connectivity: DICOM, HL7, Ethernet | Certifications: FDA, CE, ISO 13485 | Recommended for: ICU and Emergency Departments."
What is the difference between AED and manual defibrillator?,"AEDs are fully automated devices that analyze heart rhythm and deliver shocks autonomously, designed for non-medical users. Manual defibrillators require trained medical staff to interpret ECG and control shock delivery."
What are the advantages of digital X-ray over analog X-ray?,"Digital X-ray offers immediate image viewing, lower radiation dose (30-50% less), higher dynamic range, digital storage and sharing, image post-processing, and elimination of chemical processing costs compared to analog film-based systems."
What connectivity standards do medical devices support?,"Most modern medical devices support DICOM (medical imaging standard), HL7 (healthcare data exchange), PACS integration, Ethernet (IEEE 802.3), Wi-Fi (802.11 b/g/n/ac), Bluetooth, and USB interfaces for data transfer and system integration."
What is the price of Hologic 3Dimensions?,Hologic 3Dimensions Mammography System costs between Rs 40 lakhs and Rs 80 lakhs.
What is the price of Radiometer ABL90 FLEX?,Radiometer ABL90 FLEX Blood Gas Analyzer costs between Rs 8 lakhs and Rs 18 lakhs.
What is the difference between an infusion pump and a syringe pump?,"An infusion pump delivers fluids from a bag or bottle at higher volumes (typically 0.1-999 mL/hr), while a syringe pump uses a syringe for very precise, low-volume delivery (0.01-200 mL/hr), ideal for neonates and potent medications."
Who manufactures Canon Aquilion Prime SP?,Canon Medical Systems manufactures Aquilion Prime SP.
What is the weight of a mobile C-Arm?,"Mobile C-Arms typically weigh 250-450 kg. Philips BV Vectra weighs approximately 310 kg, while Siemens Cios Fusion weighs around 380 kg depending on configuration."
What is a normal blood pressure reading?,Normal blood pressure is below 120/80 mmHg. Elevated: 120-129/<80 mmHg. High BP Stage 1: 130-139/80-89 mmHg.
Highest accuracy machine?,Siemens Multix Fusion provides the highest accuracy of 99%.
Tell me about Schiller Cardiovit AT-1,Device: Schiller Cardiovit AT-1 | Manufacturer: Schiller | Accuracy: 98% | Price: ₹1.5-4 Lakhs | Technology: ECG Machine | Applications: Cardiac Diagnosis | Features: Compact design and automatic interpretation.
How does a ventilator work?,"A ventilator delivers oxygen-rich air into the lungs through a breathing tube or mask, supporting or replacing spontaneous breathing. It monitors pressure, volume, and flow rates to provide precise respiratory support based on patient needs."
What are the applications of CT in emergency medicine?,"CT is used in emergency medicine for head trauma, intracranial hemorrhage, spinal injuries, pulmonary embolism (CTPA), aortic dissection, acute abdominal pain, renal colic, and multi-trauma evaluation (whole-body CT)."
Do medical devices need calibration?,"Yes, medical devices require regular calibration to ensure accuracy and compliance with regulatory standards. ECG machines need calibration every 6-12 months, CT scanners quarterly, and blood analyzers daily."
Tell me about Maquet Volista Surgical Light,"Device: Maquet Volista Surgical Light | Manufacturer: Maquet (Getinge Group) | Type: LED Surgical Light | Applications: Operating Room Illumination | Features: HD LED technology, Shadowless illumination, Adjustable color temperature | Illuminance: Up to 160,000 lux | Color Temperature: 3,500-5,000K | Certifications: CE, ISO | Recommended for: Operation Theatres."
What are the sterilization methods for surgical instruments?,"Sterilization methods include steam autoclaving (121-134 deg C), ethylene oxide (EtO) gas sterilization for heat-sensitive items, hydrogen peroxide plasma, gamma radiation, and chemical sterilization using glutaraldehyde."
What is the price of Nikon Eclipse Ci-L?,Nikon Eclipse Ci-L Microscope costs between Rs 2 lakhs and Rs 6 lakhs.
Best ECG machine?,Philips PageWriter TC30 is considered one of the best ECG machines.
Tell me about Laerdal LSU Suction Unit,"Device: Laerdal LSU Suction Unit | Manufacturer: Laerdal Medical | Type: Portable Suction Machine | Applications: Airway Management, Emergency Suction | Features: Rechargeable battery, Adjustable vacuum, Easy cleaning | Vacuum Range: 0-650 mmHg | Certifications: FDA, CE | Recommended for: Emergency and Pre-hospital Care."
Tell me about GE Lunar iDXA Bone Densitometer,"Device: GE Lunar iDXA Bone Densitometer | Manufacturer: GE Healthcare | Type: Dual-Energy X-ray Absorptiometry (DEXA) System | Applications: Osteoporosis Diagnosis, Body Composition Analysis | Features: EncORE software, High-resolution imaging, Low radiation dose | Certifications: FDA, CE, ISCD | Recommended for: Bone Health Centers."
What is the price of Zeiss VISUCAM 500?,Zeiss VISUCAM 500 Fundus Camera costs between Rs 8 lakhs and Rs 15 lakhs.
Tell me about Remi R-8C Centrifuge,"Device: Remi R-8C Centrifuge | Manufacturer: Remi Lab World | Type: Laboratory Centrifuge | Applications: Blood Separation, Urine Analysis | Features: Digital timer, Brushless motor, 8-tube capacity | Max Speed: 4,000 RPM | Max RCF: 2,255 x g | Certifications: CE, ISO | Recommended for: Clinical Labs."
Highest accuracy MRI machine?,Siemens MAGNETOM Vida provides the highest accuracy of 99%.
Tell me about Fujifilm Arietta 850,"Device: Fujifilm Arietta 850 | Manufacturer: Fujifilm | Accuracy: 96% | Price: ₹20-60 Lakhs | Technology: Diagnostic Ultrasound System | Applications: General Imaging and Obstetrics | Features: Compact design, High sensitivity and Fast processing."
Tell me about Masimo Radical-7 Pulse Oximeter,"Device: Masimo Radical-7 Pulse Oximeter | Manufacturer: Masimo | Type: Pulse Oximeter | Applications: SpO2 Monitoring, Patient Assessment | Features: SET technology, Rainbow parameter measurement, Motion-tolerant | Display: LED display | Connectivity: Bluetooth, Wi-Fi | Certifications: FDA, CE | Recommended for: Hospitals, Clinics."
Tell me about Fujifilm ECHELON Smart Zero Helium,"Device: Fujifilm ECHELON Smart Zero Helium | Manufacturer: Fujifilm | Accuracy: 96% | Price: ₹2-4 Crores | Technology: Helium-free MRI | Applications: Brain Imaging, Spine Imaging | Features: Eco-friendly design, Low maintenance and compact size."
Cheapest patient monitor?,Dräger Vista 120 is the cheapest patient monitor.
What is the accuracy of Canon Aquilion Prime SP?,Canon Aquilion Prime SP has 97% accuracy.
What is DICOM and why is it important?,"DICOM (Digital Imaging and Communications in Medicine) is the international standard for medical imaging data. It ensures interoperability between imaging devices, PACS systems, and viewing stations from different manufacturers."
Which hospital departments use ultrasound machines?,"Ultrasound machines are used in radiology, cardiology, obstetrics and gynecology, emergency medicine, vascular surgery, urology, and musculoskeletal departments."
What are the operating temperature requirements for medical devices?,Most medical imaging devices operate at 15-30 deg C with 20-80% humidity. MRI rooms require precise temperature control (19-22 deg C) for magnet stability. CT scanners require 18-28 deg C for optimal tube cooling.
Which medical devices are used in emergency departments?,"Emergency departments use defibrillators, ventilators, patient monitors, portable X-ray machines, ultrasound machines, ECG machines, infusion pumps, blood gas analyzers, glucometers, and suction units."
Which hospital departments use patient monitors?,"Patient monitors are used in ICUs, CCUs, NICUs, emergency departments, operation theatres, recovery rooms, step-down units, and general wards for continuous vital signs monitoring."
What is the price of Siemens Biograph mCT?,Siemens Biograph mCT PET/CT Scanner costs between Rs 3 crores and Rs 8 crores.
What is the price of Canon Vantage Orian?,Canon Vantage Orian costs between ₹2.5 crores and ₹5 crores.
What are the safety features of modern ventilators?,"Modern ventilators include alarms for high/low pressure, apnea detection, oxygen concentration monitoring, tidal volume limits, and backup battery systems to ensure patient safety during power failure."
How does a digital BP monitor work?,A digital BP monitor uses oscillometric method. The cuff inflates and gradually deflates while the device detects arterial wall vibrations (oscillations) to calculate systolic and diastolic pressure.
Which machine has the lowest accuracy?,Fujifilm FDR Smart X has the lowest accuracy of 96%.
How accurate is a glucometer?,Glucometers meeting ISO 15197:2013 standards have accuracy of +/- 15 mg/dL for blood glucose below 100 mg/dL and +/- 15% for levels above 100 mg/dL. 95% of readings must fall within these ranges.
What are the applications of Philips Ingenia 3.0T?,"Neurology, Oncology and Cardiology imaging."
What is the accuracy of Canon Aplio i800?,Canon Aplio i800 provides 97% accuracy.
What is the price of Fujifilm ECHELON Smart Zero Helium?,Fujifilm ECHELON Smart Zero Helium costs between ₹2 crores and ₹4 crores.
What are the installation requirements for an MRI machine?,"MRI installation requires a shielded room (Faraday cage), specialized floor reinforcement (minimum 1000 kg magnet weight), dedicated power supply (480V, 3-phase), and cooling system for the magnet. Room size minimum 30 sq meters."
Which ultrasound machine has HDlive technology?,GE Voluson E10 offers HDlive technology with real-time 4D imaging.
What is the price of Planmeca ProX?,Planmeca ProX Intraoral X-ray costs between Rs 2 lakhs and Rs 5 lakhs.
What is the price of Masimo Radical-7?,"Masimo Radical-7 Pulse Oximeter costs between Rs 80,000 and Rs 2 lakhs."
How does a dialysis machine work?,A dialysis machine pumps blood through a dialyzer (artificial kidney) where waste products and excess fluids filter across a semipermeable membrane into dialysate fluid. Clean blood returns to the patient.
Which patient monitor has highest accuracy?,Philips IntelliVue MX700 provides the highest accuracy of 99%.
Best X-ray machine?,Siemens Multix Fusion is considered the best X-ray machine because of its high accuracy and premium imaging.
Which machine has the highest accuracy?,Siemens Multix Fusion has the highest accuracy of 99%.
How does an anesthesia machine work?,"An anesthesia machine precisely mixes medical gases (oxygen, nitrous oxide) with volatile anesthetic agents, delivers the mixture to the patient through a breathing circuit, monitors vital signs, and scavenges waste gases."
What are the applications of Philips EPIQ Elite?,"Cardiology, Radiology, Obstetrics and Gynecology imaging."
What is the price of Olympus EVIS EXERA III?,Olympus EVIS EXERA III Endoscopy System costs between Rs 20 lakhs and Rs 40 lakhs.
Which MRI machine has AI features?,Siemens MAGNETOM Vida and GE SIGNA Pioneer have advanced AI-assisted imaging features.
Tell me about Canon Aquilion Prime SP,"Device: Canon Aquilion Prime SP | Manufacturer: Canon Medical Systems | Accuracy: 97% | Price: ₹1.3-2.3 Crores | Technology: Helical CT | Applications: Chest Imaging, Abdominal Imaging | Features: Fast acquisition and reduced noise."
Cheapest X-ray machine?,Fujifilm FDR Smart X is the cheapest X-ray machine.
Who manufactures Philips PageWriter TC30?,Philips manufactures PageWriter TC30.
What are the features of Philips Incisive CT?,AI workflow and reduced radiation dose.
What is the maintenance cost of an MRI machine?,"Annual maintenance for an MRI machine costs 5-10% of purchase price (Rs 15-60 lakhs per year). This includes preventive maintenance, software updates, helium refills (if not zero-boil-off), and emergency service."
How accurate is a pulse oximeter?,"Clinical-grade pulse oximeters have accuracy of +/- 2% for SpO2 readings in the 70-100% range at normal perfusion. Accuracy decreases with poor perfusion, movement, nail polish, and dark skin pigmentation."
Tell me about OneTouch Select Plus Glucometer,"Device: OneTouch Select Plus Glucometer | Manufacturer: LifeScan (Johnson & Johnson) | Type: Blood Glucose Meter | Applications: Diabetes Self-Monitoring | Features: ColorSure technology, 5-second results, 500-test memory | Test Range: 20-600 mg/dL | Certifications: ISO 15197:2013, FDA | Recommended for: Home Use."
What safety features do anesthesia machines have?,"Anesthesia machines include oxygen ratio monitors, low-oxygen alarms, agent concentration monitoring, airway pressure alarms, CO2 monitoring, and backup battery systems."
What electrodes are compatible with ECG machines?,"ECG machines use disposable Ag/AgCl electrodes with conductive gel. Standard sets include 10 electrodes for 12-lead ECG: 4 limb electrodes (RA, LA, RL, LL) and 6 precordial electrodes (V1-V6)."
What is the price of Philips EPIQ Elite?,Philips EPIQ Elite costs between ₹40 lakhs and ₹90 lakhs.
Who manufactures Philips EPIQ Elite?,Philips manufactures EPIQ Elite.
Tell me about Karl Storz ENT Endoscopy System,"Device: Karl Storz ENT Endoscopy System | Manufacturer: Karl Storz | Type: ENT Diagnostic and Surgical System | Applications: Sinus Endoscopy, Laryngoscopy, Otoscopy | Features: Hopkins rod lens telescope, HD camera, LED light source | Certifications: FDA, CE | Recommended for: ENT Departments."
What is the price of GE Engstrom Ventilator?,GE Engstrom Ventilator costs between Rs 10 lakhs and Rs 18 lakhs.
Which pulse oximeter is best for continuous monitoring?,Masimo Radical-7 is considered the best for continuous monitoring due to its motion-tolerant SET technology and rainbow parameter measurement capabilities.
Who manufactures GE Voluson E10?,GE Healthcare manufactures Voluson E10.
What is the price of GE SIGNA Pioneer?,GE SIGNA Pioneer costs between ₹2.8 crores and ₹6.5 crores.
What consumables are needed for a hematology analyzer?,"Consumables include diluent, lysing reagent, rinse solution, calibrators, and quality control samples. Proper storage temperatures (2-30 deg C) and expiration dates must be observed."
Who manufactures Siemens Multix Fusion?,Siemens Healthineers manufactures Siemens Multix Fusion.
Tell me about Siemens Cios Fusion C-Arm,"Device: Siemens Cios Fusion C-Arm | Manufacturer: Siemens Healthineers | Type: Mobile C-Arm X-ray System | Applications: Orthopedic, Trauma, Vascular Surgery | Features: Flat panel detector, Fusion imaging, Low dose technology | Detector Type: Digital Flat Panel | Certifications: FDA, CE | Recommended for: Operating Rooms."
Who manufactures Siemens ACUSON Sequoia?,Siemens Healthineers manufactures ACUSON Sequoia.
What are the operating instructions for a defibrillator?,"1) Turn on device. 2) Apply pads to bare patient chest (one upper right, one lower left). 3) AED analyzes rhythm automatically. 4) If shock advised, ensure no one touches patient. 5) Press shock button. 6) Immediately begin CPR for 2 minutes. 7) Repeat analysis."
What preventive maintenance is needed for autoclaves?,"Autoclave preventive maintenance includes daily chamber cleaning, weekly door gasket inspection, monthly calibration of temperature and pressure sensors, quarterly biological indicator testing (spore tests), and annual certification."
Who manufactures Canon Vantage Orian?,Canon Medical Systems manufactures Vantage Orian.
What are the applications of Siemens Multix Fusion?,"Chest Imaging, Orthopedic Imaging and Emergency Imaging."
What is the price of Canon Aquilion Prime SP?,Canon Aquilion Prime SP costs between ₹1.3 crores and ₹2.3 crores.
What is the price of Fresenius 5008?,Fresenius 5008 Dialysis Machine costs between Rs 8 lakhs and Rs 15 lakhs.
Which ECG machine is cheapest?,BPL Cardiart 6208 is the cheapest ECG machine.
What is the accuracy of Accu-Chek Active?,Accu-Chek Active meets ISO 15197:2013 standards with accuracy of +/- 15 mg/dL for values below 100 mg/dL and +/- 15% for values above 100 mg/dL.
Who manufactures Siemens SOMATOM Force?,Siemens Healthineers manufactures Siemens SOMATOM Force.
Tell me about Omron NE-C28 Compressor Nebulizer,"Device: Omron NE-C28 Compressor Nebulizer | Manufacturer: Omron Healthcare | Type: Compressor Nebulizer | Applications: Respiratory Medication Delivery | Features: Compact compresor, Virtual valve technology, Fast mist delivery | Particle Size: MMAD 3-5 microns | Certifications: FDA, CE | Recommended for: Home and Clinical Use."
Are replacement parts available for older medical devices?,"Manufacturers typically support replacement parts for 7-10 years after a device model is discontinued. After this period, parts availability may be limited, and equipment upgrade may be recommended."
Cheapest ultrasound machine?,Fujifilm Arietta 850 is the cheapest ultrasound machine.
What is the price of Siemens SOMATOM Force?,Siemens SOMATOM Force costs between ₹1.8 crores and ₹3 crores.
Tell me about GE CARESCAPE B650,Device: GE CARESCAPE B650 | Manufacturer: GE Healthcare | Accuracy: 98% | Price: ₹4-12 Lakhs | Technology: Patient Monitor | Applications: ICU and Critical Care | Features: Real-time monitoring and wireless connectivity.
Tell me about Siemens MAGNETOM Vida,"Device: Siemens MAGNETOM Vida | Manufacturer: Siemens Healthineers | Accuracy: 99% | Price: ₹3-7 Crores | Technology: 3T MRI | Applications: Neurology, Cardiology, Oncology, Musculoskeletal Imaging | Features: BioMatrix Technology, High-resolution imaging, AI-assisted workflow | Recommended for Super Specialty Hospitals."
Highest accuracy CT machine?,Siemens SOMATOM Force provides the highest accuracy of 99%.
Which patient monitor is cheapest?,Dräger Vista 120 is the cheapest patient monitor.
What probes are used with ultrasound machines?,"Ultrasound probes include convex (abdominal), linear (vascular/musculoskeletal), phased array (cardiac), endocavitary (transvaginal/transrectal), and specialty probes for intraoperative and 3D/4D imaging."
What is the role of AI in medical imaging?,"AI in medical imaging assists with image reconstruction (reducing noise and dose), automated detection of abnormalities (nodules, fractures, hemorrhages), workflow optimization, quantitative analysis, and report generation, improving diagnostic accuracy and efficiency."
What are the advantages of portable ultrasound?,"Portable ultrasound offers point-of-care accessibility, bedside diagnosis, reduced patient transport, guidance for procedures, emergency assessment in remote locations, and lower cost compared to cart-based systems."
Who manufactures Philips Ingenia 3.0T?,Philips manufactures Ingenia 3.0T.
Tell me about Contec SP80 Spirometer,"Device: Contec SP80 Spirometer | Manufacturer: Contec Medical Systems | Type: Diagnostic Spirometer | Applications: Pulmonary Function Assessment | Features: Large LCD display, Thermal printer, PC software connectivity | Certifications: CE, ISO | Recommended for: Clinics and Diagnostic Centers."
What is the accuracy of GE Voluson E10?,GE Voluson E10 has 98% accuracy.
What is point-of-care testing (POCT)?,"Point-of-care testing refers to medical diagnostic testing performed at or near the patient location, using portable devices like glucometers, blood gas analyzers, and rapid test kits, providing immediate results for clinical decision-making."
What is the price of Siemens Multix Fusion?,Siemens Multix Fusion costs between ₹20 lakhs and ₹30 lakhs.
What are the features of Philips EPIQ Elite?,"Anatomical Intelligence Ultrasound, Elastography and excellent image quality."
What are the power requirements for a CT scanner?,"CT scanners typically require 380-480V, 3-phase power supply with 75-150 kVA capacity. A dedicated transformer and UPS system are recommended to prevent image artifacts from power fluctuations."
What is a medical device?,"A medical device is any instrument, apparatus, machine, implant, or software used to diagnose, prevent, monitor, treat, or alleviate disease or injury. They range from simple tongue depressors to complex MRI scanners and robotic surgical systems."
What are the features of Philips DigitalDiagnost C90?,High image quality and reduced radiation dose.
Which ventilator is best for ICU?,"Hamilton C6 and GE Engstrom are both excellent ICU ventilators. Hamilton C6 is preferred for advanced adaptive ventilation, while GE Engstrom excels in neonatal care."
Tell me about Eppendorf 5424 R Centrifuge,"Device: Eppendorf 5424 R Centrifuge | Manufacturer: Eppendorf | Type: Refrigerated Microcentrifuge | Applications: Molecular Biology, Clinical Chemistry | Features: FastSpin technology, Refrigerated, Low noise (under 51 dB) | Max Speed: 21,130 x g | Certifications: CE, ISO | Recommended for: Research and Clinical Labs."
What is the difference between autoclave and dry heat sterilizer?,Autoclaves use moist heat (steam) at 121-134 deg C with shorter cycle times (15-30 minutes). Dry heat sterilizers use hot air at 160-180 deg C with longer cycles (1-2 hours). Autoclaves are more effective for most medical instruments.
Most expensive ultrasound machine?,Philips EPIQ Elite is the most expensive ultrasound machine.
What is the lifespan of a CT scanner?,A CT scanner typically has a lifespan of 7-12 years with regular maintenance. X-ray tube replacement is needed every 2-3 years depending on usage.
What is the maintenance cost of a CT scanner?,CT scanner annual maintenance costs 6-12% of purchase price (Rs 10-35 lakhs per year). Major cost drivers include X-ray tube replacement (Rs 20-50 lakhs every 2-3 years) and detector maintenance.
What is the price of Canon Aplio i800?,Canon Aplio i800 costs between ₹25 lakhs and ₹70 lakhs.
What is the recommended maintenance schedule for X-ray machines?,"X-ray machines require daily warm-up, monthly collimator accuracy checks, quarterly kVp calibration, semi-annual mA calibration, annual radiation output measurement, and ACR accreditation testing every 2-3 years."
Tell me about Erba EM 200 Biochemistry Analyzer,"Device: Erba EM 200 Biochemistry Analyzer | Manufacturer: Erba Diagnostics | Type: Semi-automated Biochemistry Analyzer | Applications: Blood Chemistry Analysis | Features: Touchscreen, 7-inch display, 200+ test types | Wavelength Range: 340-700 nm | Certifications: CE, ISO | Recommended for: Small to Mid-size Labs."
Tell me about Mindray BeneVision N19,Device: Mindray BeneVision N19 | Manufacturer: Mindray | Accuracy: 98% | Price: ₹4-10 Lakhs | Technology: Patient Monitor | Applications: ICU and Emergency Care | Features: Large display and intelligent alarms.
Which defibrillator is best for hospitals?,"For hospitals, Philips HeartStart FRx and Zoll AED Plus are top choices due to their ease of use, reliability, and compliance with AHA guidelines."
Compare Siemens MAGNETOM Vida vs Philips Ingenia 3.0T MRI.,MAGNETOM Vida (Rs 3-7 crores) features BioMatrix technology for personalized scanning and 99% accuracy. Ingenia 3.0T (Rs 2.5-6 crores) offers dStream architecture for faster scanning and high patient comfort with 98% accuracy. Vida edges ahead in AI and workflow.
Which MRI machine provides high patient comfort?,Philips Ingenia 3.0T provides excellent patient comfort with faster scanning technology.
What is the price range of GE Avance CS2?,GE Avance CS2 Anesthesia Machine costs between Rs 15 lakhs and Rs 30 lakhs.
What are the features of GE Voluson E10?,"HDlive technology, real-time 4D imaging and high resolution are key features."
Tell me about Radiometer ABL90 FLEX Blood Gas Analyzer,"Device: Radiometer ABL90 FLEX Blood Gas Analyzer | Manufacturer: Radiometer | Type: Blood Gas and Electrolyte Analyzer | Applications: Blood Gas Analysis, Electrolyte Measurement, Metabolites | Parameters: pH, pO2, pCO2, Na, K, Ca, Cl, Glucose, Lactate | Measurement Time: 35 seconds | Certifications: FDA, CE, ISO | Recommended for: ICUs and Emergency Labs."
Which CT scanner has highest accuracy?,Siemens SOMATOM Force has the highest accuracy of 99%.
Can an ultrasound machine be used for guiding injections?,"Yes, ultrasound-guided injections are common for joint injections, nerve blocks, vascular access, musculoskeletal injections, and biopsy guidance, improving accuracy and reducing complications."
What are the features of Siemens MAGNETOM Vida?,"BioMatrix technology, AI workflow, and high-resolution imaging are major features."
What is the accuracy of Philips DigitalDiagnost C90?,Philips DigitalDiagnost C90 has 97% accuracy.
Which ultrasound machine is best for obstetrics?,"GE Voluson E10 is the best choice for obstetrics due to its specialized HDlive technology, real-time 4D fetal imaging, and dedicated OB/GYN workflow tools."
How do I choose the right ultrasound machine?,"Consider clinical application (radiology, cardiology, OB/GYN), budget (Rs 20-90 lakhs), image quality, probe types needed, portability requirements, and AI features for workflow efficiency."
What is the price of Siemens Cios Fusion?,Siemens Cios Fusion C-Arm costs between Rs 25 lakhs and Rs 50 lakhs.
Best patient monitor?,Philips IntelliVue MX700 is considered one of the best patient monitors.
What is the price of Philips EverFlo?,"Philips EverFlo Oxygen Concentrator costs between Rs 40,000 and Rs 80,000."
What is the accuracy of GE SIGNA Pioneer?,GE SIGNA Pioneer provides 98% accuracy.
How does a pulse oximeter work?,"A pulse oximeter uses light-emitting diodes (LEDs) that shine red and infrared light through body tissue. Oxygenated and deoxygenated hemoglobin absorb light differently, and the device calculates SpO2 based on the ratio of absorbed light."
What is the accuracy of Philips EPIQ Elite?,Philips EPIQ Elite provides 99% accuracy.
What storage conditions are required for medical equipment?,"Medical equipment should be stored in clean, dry environments at 10-40 deg C with 10-90% non-condensing humidity. Batteries should be stored at 15-25 deg C. Sterile items require controlled temperature and humidity per manufacturer specs."
What are the features of Fujifilm FDR Smart X?,Lightweight design and fast image acquisition.
Tell me about Hill-Rom Advanta Bed,"Device: Hill-Rom Advanta Hospital Bed | Manufacturer: Hill-Rom (Baxter) | Type: Electric Hospital Bed | Applications: Patient Care and Recovery | Features: 5-function electric movement, Built-in scale, Bed exit alarm | Weight Capacity: 205 kg | Certifications: FDA, CE, ISO | Recommended for: General Wards and ICUs."
Tell me about MIR Spirobank Spirometer,"Device: MIR Spirobank Spirometer | Manufacturer: MIR Medical International Research | Type: Handheld Spirometer | Applications: Pulmonary Function Testing | Features: Wireless Bluetooth, Reusable turbine sensor, Winspire software | Parameters: FVC, FEV1, PEF, FEF25-75 | Certifications: FDA, CE, ATS/ERS | Recommended for: Pulmonology, Clinics."
Tell me about Zoll AED Plus Defibrillator,"Device: Zoll AED Plus Defibrillator | Manufacturer: Zoll Medical | Type: Automated External Defibrillator | Applications: Emergency Cardiac Response | Features: Real CPR Help, OneStep electrodes, Audio/Visual prompts | Weight: 3.1 kg | Certifications: FDA, CE | Recommended for: Healthcare Facilities and Public Venues."
What is the warranty period for GE Definium Tempo?,"GE Definium Tempo typically comes with a 1-year comprehensive warranty, extendable up to 3 years with annual maintenance contracts."
What is a suction machine used for?,"A suction machine removes fluids, secretions, blood, or vomit from a patient's airway to maintain patency and prevent aspiration. It is essential in surgeries, ICUs, emergency rooms, and respiratory care."
What is the price of Philips Ingenia 3.0T?,Philips Ingenia 3.0T costs between ₹2.5 crores and ₹6 crores.
Tell me about Interacoustics Affinity 2.0 Audiometer,"Device: Interacoustics Affinity 2.0 | Manufacturer: Interacoustics | Type: Clinical Audiometer | Applications: Hearing Assessment | Features: Air and bone conduction, Speech audiometry, High-frequency testing | Certifications: FDA, CE | Recommended for: Audiology and ENT Clinics."
Who manufactures Fujifilm Arietta 850?,Fujifilm manufactures Arietta 850.
Tell me about Nonin WristOx2 Pulse Oximeter,"Device: Nonin WristOx2 Pulse Oximeter | Manufacturer: Nonin Medical | Type: Wearable Pulse Oximeter | Applications: Spot-check and Continuous Monitoring | Features: Wrist-worn design, Memory storage for 24 hours, USB data download | Certifications: FDA, CE | Recommended for: Home Healthcare and Sleep Studies."
What is the price of Karma KM-5000?,"Karma KM-5000 Wheelchair costs between Rs 8,000 and Rs 15,000."
What is the price of Remi R-8C Centrifuge?,"Remi R-8C Centrifuge costs between Rs 15,000 and Rs 40,000."
What is the accuracy of Siemens SOMATOM Force?,Siemens SOMATOM Force provides 99% accuracy.
What is the accuracy of Fujifilm Arietta 850?,Fujifilm Arietta 850 provides 96% accuracy.
Which CT scanner is most expensive?,Siemens SOMATOM Force is the most expensive CT scanner.
Which glucometer is best for home use?,Accu-Chek Active and OneTouch Select Plus are both excellent for home use. Accu-Chek Active offers faster measurements while OneTouch Select Plus provides color-coded results.
What is the price of BioTek ELx800?,BioTek ELx800 ELISA Reader costs between Rs 3 lakhs and Rs 7 lakhs.
What are the features of GE Definium Tempo?,High image quality and low maintenance are key features of GE Definium Tempo.
Tell me about Siemens Dimension EXL 200 Biochemistry Analyzer,"Device: Siemens Dimension EXL 200 | Manufacturer: Siemens Healthineers | Type: Integrated Chemistry and Immunoassay System | Applications: Clinical Chemistry, Cardiac Markers, Therapeutic Drug Monitoring | Features: LOCI technology, Flex reagent cartridges | Throughput: 600 tests/hour | Certifications: FDA, CE | Recommended for: High-volume Laboratories."
Tell me about Philips HeartStart FRx Defibrillator,"Device: Philips HeartStart FRx Defibrillator | Manufacturer: Philips | Type: Automated External Defibrillator (AED) | Applications: Emergency Cardiac Care, Public Access Defibrillation | Features: SMART Analysis, Infant/Child capability, Voice coaching | Weight: 2.1 kg | Battery Life: 4 years standby | Certifications: FDA, CE, AHA Guidelines | Recommended for: Hospitals, Airports, Public Spaces."
Tell me about Philips DigitalDiagnost C90,"Device: Philips DigitalDiagnost C90 | Manufacturer: Philips | Accuracy: 97% | Price: ₹15-28 Lakhs | Detector Type: Digital Detector | Applications: General Radiography, Orthopedic Imaging | Features: High image quality, Low radiation dose | Recommended for Hospitals."
What is the purpose of a patient monitor?,"A patient monitor continuously tracks vital signs including ECG/heart rate, blood pressure, oxygen saturation (SpO2), respiratory rate, and temperature, alerting healthcare staff to any critical changes in patient condition."
How does a glucometer work?,"A glucometer measures blood glucose by analyzing a small blood sample placed on a test strip. The strip contains glucose oxidase that reacts with glucose, producing an electrical current proportional to glucose concentration."
What is the warranty period for Siemens MAGNETOM Vida?,"Siemens MAGNETOM Vida includes a 2-year warranty covering parts and labor, with optional extended service agreements up to 5 years."
Tell me about Applied Biosystems QuantStudio 5 PCR System,"Device: Applied Biosystems QuantStudio 5 | Manufacturer: Thermo Fisher Scientific | Type: Real-Time PCR System | Applications: Gene Expression, Genotyping, Pathogen Detection | Features: 96-well format, Touchscreen interface, Remote monitoring | Thermal Accuracy: +/- 0.25 deg C | Certifications: CE, IVD | Recommended for: Molecular Diagnostics Labs."
How does a PCR machine work?,"A PCR machine amplifies specific DNA sequences through repeated thermal cycling: denaturation (95 deg C), annealing (50-65 deg C), and extension (72 deg C). Each cycle doubles the target DNA, enabling detection of minute quantities."
What is the difference between a CT scan and an MRI?,"CT uses X-rays for fast cross-sectional imaging, ideal for trauma, bone fractures, and lung imaging. MRI uses strong magnetic fields and radio waves for superior soft tissue contrast, ideal for brain, spine, and joint imaging. CT is faster but involves radiation; MRI is radiation-free but takes longer."
Tell me about GE Giraffe Incubator,"Device: GE Giraffe Incubator | Manufacturer: GE Healthcare | Type: Neonatal Incubator | Applications: Premature Infant Care, NICU | Features: Servo-controlled temperature, Humidity control, Adjustable tilt, Integrated scale | Temperature Range: 20-39 deg C | Certifications: FDA, CE | Recommended for: NICU and Neonatal Care."
Who manufactures Hamilton C6 Ventilator?,Hamilton Medical manufactures the Hamilton C6 Ventilator.
Tell me about BioTek ELx800 ELISA Reader,"Device: BioTek ELx800 ELISA Reader | Manufacturer: BioTek Instruments (Agilent) | Type: Absorbance Microplate Reader | Applications: ELISA Assays, Protein Quantification | Features: 8-channel optics, 6 filter positions, Gen5 software | Wavelength Range: 400-750 nm | Certifications: CE, ISO | Recommended for: Clinical and Research Labs."
What is ISO 13485 certification?,"ISO 13485 is the international quality management system standard for medical device manufacturers. It covers design, production, installation, and servicing of medical devices."
Tell me about GE Senographe Pristina Mammography System,"Device: GE Senographe Pristina | Manufacturer: GE Healthcare | Type: Digital Mammography System | Applications: Breast Cancer Screening | Features: Patient-friendly design, ACR compliance, I-STREAM workflow | Certifications: FDA, CE, MQSA | Recommended for: Radiology Departments."
How do I choose the right patient monitor?,"Consider required parameters (ECG, NIBP, SpO2, temp), patient population (adult, pediatric, neonatal), connectivity needs (central station, EHR integration), display size, battery backup, and budget (Rs 3-15 lakhs)."
How do I choose the right X-ray machine for my hospital?,"Choose based on clinical volume (fixed vs portable), budget (Rs 12-30 lakhs), image quality (digital detector vs flat panel), application needs (general radiography, chest, orthopedic), and manufacturer support in your region."
Tell me about Mindray BC-5150 Hematology Analyzer,"Device: Mindray BC-5150 Hematology Analyzer | Manufacturer: Mindray | Type: 3-part Hematology Analyzer | Applications: CBC Analysis | Features: 60 samples/hour, 19 parameters, Compact design | Certifications: CE, ISO | Recommended for: Small to Medium Laboratories."
What is the price of GE Voluson E10?,GE Voluson E10 costs between ₹35 lakhs and ₹80 lakhs.
Who manufactures Philips Incisive CT?,Philips manufactures Incisive CT.
Tell me about Nikon Eclipse Ci-L Microscope,"Device: Nikon Eclipse Ci-L Microscope | Manufacturer: Nikon Instruments | Type: Clinical Laboratory Microscope | Applications: Hematology, Histology, Cytology | Features: LED illumination, EC Plan objectives, Ergonomic design | Magnification: 4x to 100x | Certifications: CE, ISO | Recommended for: Clinical Pathology Labs."
Which ultrasound machine is best for cardiology?,Philips EPIQ Elite and Canon Aplio i800 are highly recommended for cardiology imaging.
How often should a ventilator be calibrated?,Ventilators should be calibrated before each use on a new patient. Full preventive maintenance and sensor calibration should be performed every 6 months or per manufacturer guidelines.
What training is required to operate an MRI machine?,"MRI technologists require specialized training including MR safety certification, anatomy and positioning education, equipment operation, contrast administration protocols, and image quality assessment. Certification through ARMRIT or ARRT is recommended."
What is the price of Erba EM 200?,Erba EM 200 Biochemistry Analyzer costs between Rs 2 lakhs and Rs 5 lakhs.
Tell me about Braun Infusomat Space Infusion Pump,"Device: Braun Infusomat Space Infusion Pump | Manufacturer: B. Braun | Type: Volumetric Infusion Pump | Applications: Critical Care Infusion | Features: Space Control unit, Multi-therapy support, Drug library | Flow Rate: 0.1-999 mL/hr | Certifications: FDA, CE | Recommended for: ICU and General Wards."
What is the difference between invasive and non-invasive ventilation?,"Invasive ventilation requires an endotracheal tube or tracheostomy, delivering air directly into the trachea. Non-invasive ventilation uses a mask or nasal interface, avoiding airway intubation and reducing infection risk."
Tell me about Philips IntelliVue MX700,"Device: Philips IntelliVue MX700 | Manufacturer: Philips | Accuracy: 99% | Price: ₹5-15 Lakhs | Technology: Patient Monitor | Applications: ICU, Operation Theatre and Emergency Care | Features: Multi-parameter monitoring, Touchscreen display, Smart alarms."
Tell me about Mindray BeneHeart R12,Device: Mindray BeneHeart R12 | Manufacturer: Mindray | Accuracy: 97% | Price: ₹1.5-5 Lakhs | Technology: ECG Machine | Applications: Cardiac Diagnostics | Features: High-speed processing and compact design.
Tell me about Siemens Biograph mCT PET/CT Scanner,"Device: Siemens Biograph mCT PET/CT Scanner | Manufacturer: Siemens Healthineers | Type: PET/CT Hybrid Imaging System | Applications: Oncology, Cardiology, Neurology | Features: FlowMotion technology, HD detection, UltraHD PET | Detector: LSO scintillator | Certifications: FDA, CE | Recommended for: Advanced Diagnostic Centers."
Which ultrasound machine has highest accuracy?,Philips EPIQ Elite provides the highest accuracy of 99%.
What is the price of Siemens ACUSON Sequoia?,Siemens ACUSON Sequoia costs between ₹30 lakhs and ₹85 lakhs.
Tell me about Fujifilm Scenaria View,Device: Fujifilm Scenaria View | Manufacturer: Fujifilm | Accuracy: 96% | Price: ₹1-2 Crores | Technology: Multi-slice CT | Applications: Emergency Imaging and General Diagnostics | Features: High speed imaging and compact design.
What are the applications of Siemens SOMATOM Force?,"Cardiac imaging, oncology imaging and emergency diagnosis."
How does an autoclave sterilize instruments?,"An autoclave uses pressurized steam at 121-134 deg C to kill all microorganisms including spores. The high temperature and pressure denature proteins and destroy microbial DNA, achieving sterility assurance level of 10^-6."
What is the price of Accu-Chek Active?,"Accu-Chek Active Glucometer costs between Rs 800 and Rs 2,000."
Tell me about Omron HEM-7124 BP Monitor,"Device: Omron HEM-7124 BP Monitor | Manufacturer: Omron Healthcare | Type: Automatic Blood Pressure Monitor | Applications: Home Blood Pressure Monitoring | Features: IntelliSense technology, 30-reading memory, Irregular heartbeat detection | Measurement Range: 0-299 mmHg | Cuff Size: 22-42 cm | Certifications: FDA, CE, ESH | Recommended for: Home Healthcare."
Tell me about Braun Perfusor Space Syringe Pump,"Device: Braun Perfusor Space Syringe Pump | Manufacturer: B. Braun | Type: Syringe Infusion Pump | Applications: Neonatal and Pediatric Care | Features: Space Control integration, Programmable infusion rates | Flow Rate: 0.01-200 mL/hr | Certifications: FDA, CE | Recommended for: NICU and Critical Care."
Tell me about Topcon KR-1 Auto Ref/Keratometer,"Device: Topcon KR-1 Auto Ref/Keratometer | Manufacturer: Topcon | Type: Refraction and Keratometry System | Applications: Refractive Error Measurement, Contact Lens Fitting | Features: Color LCD, Objective refraction, Keratometry, Pupillometry | Certifications: FDA, CE | Recommended for: Optometry and Ophthalmology."
Tell me about Siemens Multix Fusion,"Device: Siemens Multix Fusion | Manufacturer: Siemens Healthineers | Accuracy: 99% | Price: ₹20-30 Lakhs | Detector Type: Flat Panel Detector | Applications: Chest Imaging, Orthopedic Imaging, Emergency Imaging | Features: Premium imaging quality, Fast processing | Recommended for Hospitals."
Which ECG machine has highest accuracy?,Philips PageWriter TC30 has the highest accuracy of 99%.
What is the price of Philips Incisive CT?,Philips Incisive CT costs between ₹1.2 crores and ₹2.5 crores.
Tell me about GE MAC 2000,Device: GE MAC 2000 | Manufacturer: GE Healthcare | Accuracy: 98% | Price: ₹2-6 Lakhs | Technology: ECG Machine | Applications: Cardiology and Emergency Care | Features: Portable design and advanced interpretation.
What are the applications of an infusion pump?,"Infusion pumps are used for delivering IV fluids, medications, antibiotics, chemotherapy drugs, pain management solutions, and nutritional fluids at precisely controlled rates."
What is a slit lamp used for?,"A slit lamp is a microscope with a bright light source used in ophthalmology to examine the anterior segment of the eye including cornea, iris, lens, and anterior chamber for abnormalities."
Tell me about GE Engstrom Ventilator,"Device: GE Engstrom Ventilator | Manufacturer: GE Healthcare | Technology: ICU Ventilator | Applications: Intensive Care, Neonatal Care | Features: Proximal flow sensing, Non-invasive ventilation, Integrated respiratory mechanics | Certifications: FDA, CE | Recommended for: ICU and NICU."
What is the price of GE Definium Tempo?,GE Definium Tempo costs between ₹18 lakhs and ₹25 lakhs.
Which ultrasound machine is cheapest?,Fujifilm Arietta 850 is the cheapest ultrasound machine.
What is the detector type of GE Definium Tempo?,GE Definium Tempo uses Digital Detector technology.
Tell me about Stryker InTouch ICU Bed,"Device: Stryker InTouch ICU Bed | Manufacturer: Stryker | Type: ICU Bed | Applications: Critical Care Bed Management | Features: Smart Ortho function, iBed system, Integrated patient transport, 4-wheel brakes | Certifications: FDA, CE, ISO | Recommended for: Intensive Care Units."
What is the price of Abbott CELL-DYN Ruby?,Abbott CELL-DYN Ruby Hematology Analyzer costs between Rs 10 lakhs and Rs 20 lakhs.
What are the dimensions of a standard ICU bed?,"Standard ICU beds have dimensions of approximately 210 cm length, 90-100 cm width, and adjustable height from 50-80 cm. Specialty bariatric beds may be wider (110-130 cm)."
What is the difference between hemodialysis and peritoneal dialysis?,"Hemodialysis uses a machine to filter blood outside the body at a dialysis center, typically 3-4 hours per session, 3 times weekly. Peritoneal dialysis uses the patient's abdominal lining as a natural filter, done at home daily."
Tell me about Philips Incisive CT,"Device: Philips Incisive CT | Manufacturer: Philips | Accuracy: 97% | Price: ₹1.2-2.5 Crores | Technology: Spectral CT | Applications: Oncology, Neurology, Cardiology | Features: AI workflow, Fast acquisition, Dose reduction."
What is the accuracy of Fujifilm ECHELON Smart Zero Helium?,Fujifilm ECHELON Smart Zero Helium provides 96% accuracy.
Which BP monitor is recommended for home use?,"Omron HEM-7124 is the most recommended home BP monitor due to its IntelliSense technology, clinical validation, and ease of use."
What does a blood gas analyzer measure?,"A blood gas analyzer measures pH, partial pressure of oxygen (pO2), partial pressure of carbon dioxide (pCO2), electrolytes (sodium, potassium, calcium, chloride), and metabolites (glucose, lactate) from arterial blood samples."
How accurate are digital BP monitors?,Digital BP monitors that meet ESH standards have accuracy of +/- 3 mmHg for pressure and +/- 5% for heart rate. Omron devices are clinically validated.
What is the price of Laerdal LSU Suction Unit?,"Laerdal LSU Suction Unit costs between Rs 20,000 and Rs 50,000."
Which patient monitor is recommended for ICU?,Philips IntelliVue MX700 and GE CARESCAPE B650 are highly recommended for ICU.
What are the applications of Fujifilm FDR Smart X?,Portable Imaging and Emergency Radiography.
Tell me about Planmeca ProX Intraoral X-ray,"Device: Planmeca ProX Intraoral X-ray | Manufacturer: Planmeca | Type: Intraoral Dental X-ray | Applications: Dental Diagnosis | Features: Constant potential X-ray, Touchscreen control, Various exposure presets | kV Range: 50-70 kV | Certifications: FDA, CE | Recommended for: Dental Clinics."
What is CE marking for medical devices?,CE marking indicates conformity with European Medical Device Regulation (MDR 2017/745) or In Vitro Diagnostic Regulation (IVDR 2017/746). It allows medical devices to be marketed in the European Economic Area.
Tell me about BPL Cardiart 6208,Device: BPL Cardiart 6208 | Manufacturer: BPL Medical Technologies | Accuracy: 97% | Price: ₹1-3 Lakhs | Technology: ECG Machine | Applications: Clinics and Hospitals | Features: Lightweight and easy operation.
What are the classes of medical devices?,"Medical devices are classified into Class I (low risk, e.g., bandages, stethoscopes), Class II (moderate risk, e.g., X-ray machines, infusion pumps), and Class III (high risk, e.g., pacemakers, implantable defibrillators), based on patient risk and regulatory requirements."
What training is required to operate a ventilator?,"Ventilator operation requires respiratory therapy certification (RRT) or critical care nursing experience. Training includes ventilation modes, alarm management, waveform interpretation, and emergency ventilation protocols."
What sensors are used in pulse oximeters?,Pulse oximeters use red (660 nm) and infrared (940 nm) LED sensors with a photodetector. Reusable clip sensors and disposable adhesive sensors are available for different monitoring durations and patient populations.
What is the price of Fujifilm FDR Smart X?,Fujifilm FDR Smart X costs between ₹12 lakhs and ₹22 lakhs.
